Good love ,Bad love
Good love ,Bad love
Good love ,Bad love
Good love ,Bad love
Good love ,Bad love
Good love ,Bad love
Good love ,Bad love
Good love ,Bad love
Good love ,Bad love
Good love ,Bad love
Good love ,Bad love
Good love ,Bad love
Good love ,Bad love
Good love ,Bad love
Good love ,Bad love
Good Work,Bad Work
Good Work,Bad Work
Good Work,Bad Work
Good Work,Bad Work
Good Work,Bad Work
Good Work,Bad Work
Good Work,Bad Work
Good Work,Bad Work
Good Work,Bad Work
Good Work,Bad Work
Good Work,Bad Work
Good Work,Bad Work
Good Work,Bad Work
Good Work,Bad Work
Good Work,Bad Work
Good General,Bad General
Good General,Bad General
Good General,Bad General
Good General,Bad General
Good General,Bad General
Good General,Bad General
Good General,Bad General
Good General,Bad General
Good General,Bad General
Good General,Bad General
Good General,Bad General
Good General,Bad General
Good General,Bad General
Good General,Bad General
Good General,Bad General
Good Family,Bad Family 
Good Family,Bad Family 
Good Family,Bad Family 
Good Family,Bad Family 
Good Family,Bad Family 
Good Family,Bad Family 
Good Family,Bad Family 
Good Family,Bad Family 
Good Family,Bad Family 
Good Family,Bad Family 
Good Family,Bad Family 
Good Family,Bad Family 
Good Family,Bad Family 
Good Family,Bad Family 
Good Family,Bad Family 